word,count
the,67799
to,61406
and,45576
a,45386
of,39840
you,38804
your,28027
in,26645
o,23589
for,23558
this,21738
is,20336
de,19488
i,14903
on,13576
e,13470
that,13101
from,12888
s,12838
we,12585
with,12532
as,12205
it,11924
or,11723
are,11666
our,11434
be,10928
will,9961
email,9908
have,9787
not,8771
do,8627
que,8535
n,8047
if,7917
at,7878
no,7764
all,7671
by,7600
can,7512
com,6965
here,6782
1,6457
an,5944
please,5710
m,5619
my,5429
t,5273
click,5244
2,5124
more,5048
r,5028
free,4843
3,4762
5,4711
us,4561
get,4529
000,4489
out,4392
information,4317
any,4298
one,4236
address,4233
has,4175
company,4125
um,4084
new,4042
money,4009
now,3998
em,3991
para,3962
time,3923
me,3822
was,3788
00,3774
only,3771
business,3728
4,3585
sie,3578
report,3546
noida,3503
da,3408
10,3403
http,3356
0,3351
just,3335
list,3314
account,3298
os,3246
laptop,3223
may,3201
up,3188
se,3178
nmg,3173
20,3120
d,3087
inventory,3049
uma,3031
admin,3006
guddy,3004
mail,3002
make,2993
l,2991
receive,2989
about,2963
how,2944
order,2861
but,2847
p,2829
over,2803
these,2799
es,2782
so,2759
send,2758
name,2754
been,2752
por,2703
subject,2699
sent,2652
f,2631
there,2619
people,2592
c,2569
they,2560
re,2556
100,2504
praveen,2499
web,2476
u,2440
its,2439
best,2437
what,2437
need,2335
like,2331
am,2315
within,2311
work,2305
which,2299
into,2284
also,2270
en,2257
their,2205
want,2202
7,2184
other,2179
home,2172
link,2149
emails,2145
internet,2136
message,2133
remove,2130
below,2105
program,2083
online,2069
phishing,2067
would,2062
regards,2053
votre,2044
who,2036
thanks,2028
price,2019
statements,2008
antal,2004
software,1981
pot,1977
www,1974
6,1948
use,1936
when,1919
le,1916
mais,1915
see,1912
future,1883
site,1880
50,1873
ou,1872
na,1862
know,1846
vous,1820
offer,1797
today,1777
number,1770
through,1769
than,1760
sua,1758
some,1754
consulting,1748
b,1738
important,1738
unsubscribe,1729
hi,1727
como,1726
them,1717
team,1693
pyramid,1681
contact,1671
kumari,1670
million,1668
8,1655
come,1648
est,1646
inc,1637
service,1614
ncia,1600
cc,1592
2022,1590
security,1586
day,1586
many,1577
21,1567
yourself,1563
june,1553
most,1548
investment,1544
way,1523
could,1522
h,1522
first,1517
take,1516
go,1510
save,1502
each,1484
help,1480
y,1474
seu,1466
v,1448
voc,1445
every,1443
available,1442
9,1441
made,1424
find,1424
very,1422
25,1412
before,1403
product,1401
because,1400
then,1400
ao,1392
after,1390
dos,1379
days,1374
code,1373
und,1364
wish,1360
replacement,1360
la,1346
credit,1340
30,1337
next,1337
g,1334
were,1331
he,1317
x,1307
even,1305
phone,1297
received,1293
products,1292
per,1289
ser,1280
thank,1273
net,1272
details,1270
check,1267
looking,1266
500,1260
marketing,1257
his,1256
current,1254
much,1253
well,1248
24,1241
forward,1235
had,1234
addresses,1233
technology,1233
should,1232
das,1231
99,1228
news,1227
services,1227
market,1226
world,1223
life,1222
website,1219
companies,1217
year,1207
easy,1197
system,1196
those,1192
call,1191
such,1188
ltd,1177
stock,1174
kumar,1169
w,1164
own,1161
years,1159
without,1150
bank,1148
based,1145
br,1134
does,1130
start,1126
12,1122
back,1120
95,1118
2023,1117
office,1117
mailing,1111
where,1107
special,1104
good,1099
15,1097
securities,1096
visit,1093
hours,1081
cash,1079
reply,1074
right,1073
few,1064
pr,1064
microsoft,1059
k,1058
die,1053
total,1049
must,1043
follow,1038
dollars,1030
date,1021
pls,1017
let,1015
act,1013
government,1009
pvt,1007
orders,1006
verify,996
sure,991
info,989
following,988
adobe,988
provide,986
interest,983
read,980
color,977
fax,974
customer,973
great,972
high,969
mas,967
computer,966
line,959
form,957
zu,956
et,952
nous,951
buy,951
two,951
password,949
change,948
pontos,946
international,946
being,942
removed,940
user,937
complete,935
due,935
11,934
access,933
part,928
share,926
full,925
des,923
low,923
pour,922
prices,921
professional,920
60,918
using,916
claim,909
results,909
financial,905
look,901
card,900
sales,899
including,897
offers,896
country,895
same,893
group,889
cost,888
month,886
dont,884
once,884
keep,881
never,877
seus,873
week,871
vel,870
while,869
copy,865
pay,862
build,861
opportunity,860
dear,859
2005,855
support,854
state,853
under,848
health,848
off,848
te,846
again,846
der,842
2004,839
give,836
pm,831
management,830
programs,829
further,828
size,823
real,822
du,820
windows,818
90,818
letter,816
transaction,803
page,796
states,793
40,790
top,788
cd,785
ele,783
her,783
ve,783
stop,783
22,780
reports,779
3d,778
font,777
customers,775
simple,774
minutes,773
chance,772
ll,772
note,771
working,771
search,769
last,769
limited,768
did,767
enter,764
include,762
ebillet,762
rio,759
really,758
united,756
long,753
ever,753
newsletter,751
mobile,747
via,746
why,745
network,744
risk,740
family,740
simply,740
try,736
id,734
private,731
income,731
required,728
14,727
advice,727
wir,725
old,725
nt,720
gas,717
fact,716
everyone,716
hier,711
don,711
response,710
place,707
viagra,707
funds,704
feel,704
foi,700
les,699
since,698
request,696
receiving,693
above,692
section,686
pills,686
confirm,684
sur,681
down,681
19,680
quality,680
interested,678
personal,677
used,675
facebook,675
ce,673
protect,670
works,670
j,669
nbsp,669
sell,668
harendra,668
8800144117,668
rmg,668
months,664
bulk,663
nos,663
17,662
performance,662
general,662
legal,661
shipping,661
lead,661
already,661
little,661
sites,659
un,659
success,659
manager,658
longer,657
media,649
paid,646
provided,642
learn,642
stocks,642
data,640
always,638
quando,637
believe,636
industry,636
live,631
recent,630
watch,630
both,628
better,628
td,628
weeks,627
mr,626
less,626
thousands,626
18,624
process,623
remember,621
making,620
ihnen,620
rate,620
pro,619
none,617
ist,615
muito,611
sich,610
ihre,610
width,610
voip,609
increase,608
social,607
von,603
return,600
energy,599
01,597
issue,597
hello,596
transfer,596
80,596
think,596
administration,596
lose,595
html,593
too,592
trade,590
going,589
isso,588
set,587
hundreds,587
continue,586
instructions,586
2024,586
im,584
mit,584
th,584
purchase,581
download,581
names,580
button,580
ready,579
plus,579
strength,577
box,575
show,575
events,575
rates,573
past,570
ca,567
questions,567
70,567
grants,565
warm,564
pode,563
able,561
body,561
oo,560
den,560
nicht,560
value,560
payment,559
conditions,559
say,558
party,557
tr,555
guide,555
al,554
ein,554
jetzt,554
person,552
guarantee,552
auf,551
him,551
urgent,550
registered,547
sobre,543
express,540
immediately,540
200,537
fast,537
shares,537
numero,536
nothing,536
small,535
era,535
browser,534
q,534
sir,533
guaranteed,533
secure,532
welcome,531
until,531
ad,531
255,528
trust,528
co,528
three,525
experience,525
sending,525
power,524
content,524
error,524
ter,523
fund,522
mesmo,521
clients,521
position,520
view,519
assets,518
type,518
growth,518
something,517
done,517
potential,516
rights,515
st,515
soon,515
possible,515
major,514
anyone,514
35,512
she,512
put,512
logo,511
voyage,511
mailings,507
area,506
amount,506
9999,505
still,504
natural,504
car,503
center,503
material,503
tem,501
6666,501
pavlab,501
got,500
75,498
client,498
2002,498
27,496
safety,495
federal,495
package,495
notice,494
exclusive,494
become,494
times,493
deposit,492
several,491
city,490
face,489
others,489
end,489
advertising,489
kindly,488
members,488
48,486
verification,485
oil,483
another,482
away,481
review,480
win,479
move,479
activity,478
additional,478
happy,478
ria,478
wallet,477
big,477
fontsize,476
least,476
terms,476
cada,476
16,474
numbers,474
assistance,473
everything,473
etc,473
links,473
sa,472
pela,470
might,470
height,469
avec,469
having,469
32,469
step,468
write,468
said,467
todos,466
started,465
cr,464
weight,464
control,463
lottery,461
pelo,461
investing,461
41,460
quick,460
attention,459
sem,459
video,459
advertisement,458
systems,456
paste,455
serve,452
huge,452
clicking,451
text,451
submit,451
different,450
getting,450
non,449
thing,449
safe,449
collect,449
direct,447
sex,447
join,446
trading,445
mortgage,445
eu,445
accept,444
easily,444
ihr,443
action,442
found,442
usa,441
matter,441
05,439
span,438
une,437
result,436
plan,436
300,435
lists,435
lot,434
member,434
else,434
man,434
train,434
yours,433
writing,433
capital,432
subscription,432
bonus,432
dr,431
assim,429
add,429
xp,429
screen,428
version,428
contains,428
choose,427
membership,426
spam,425
op,424
five,423
users,422
29,422
employees,421
250,420
file,420
release,420
needed,419
department,418
approved,418
entre,418
love,417
prescription,417
earn,416
confirmation,416
tell,416
tamb,416
thousand,415
ms,415
press,414
fill,413
committed,412
style,412
china,412
tempo,412
worldwide,411
el,411
foreign,411
vida,411
suite,411
hard,410
wednesday,410
yes,409
unique,409
requesting,409
risks,408
empty,408
investors,407
around,406
kind,405
este,404
someone,404
si,404
second,403
02,402
friends,402
trabalho,401
nnen,401
delivery,401
four,401
bar,401
includes,400
conta,399
sign,399
application,399
ledger,399
currently,398
third,398
reset,397
hot,397
sincerely,396
tm,396
cialis,396
31,395
cause,395
level,394
esse,394
during,393
given,392
tomorrow,392
exchange,392
policies,392
latest,391
usd,391
development,391
america,391
men,391
late,390
encourage,390
millions,389
anything,389
pc,389
je,388
public,388
essa,387
teams,387
expectations,387
july,386
youre,386
mind,385
age,385
national,385
practice,385
device,384
registration,384
91,384
silver,384
13,383
partner,383
upon,383
remercions,383
voyager,381
allocation,379
south,379
sum,379
loan,379
effective,379
necessary,379
women,379
later,378
ela,378
08,377
fazer,377
brand,377
corporation,377
community,377
certain,377
shall,375
45,375
image,374
original,373
sale,373
insurance,373
contractors,373
forma,372
database,372
ne,372
successful,371
suas,370
project,370
doing,370
ordering,370
platform,369
auto,369
36,368
strong,368
1996,368
ask,367
courier,367
gr,366
however,366
meaning,366
american,365
privacy,365
course,365
congratulations,363
point,363
allow,363
soft,362
things,361
eine,360
reach,359
haben,359
absolutely,359
drive,358
deal,358
opportunities,358
fun,357
linkedin,357
husband,357
2003,357
2021,356
maxwidth,356
research,356
770,356
unusual,355
ncias,355
update,355
yahoo,355
grande,354
normal,354
copyright,353
ainda,353
opt,352
short,352
php,352
president,351
large,351
dia,350
retail,350
communities,349
similar,348
case,348
par,348
morning,348
aqui,347
cannot,347
cards,347
digital,346
server,346
pick,346
confidential,346
los,346
2000,346
russia,345
van,345
directory,345
mob,345
klicken,344
regarding,344
app,344
loss,344
winning,343
register,342
hope,342
participate,342
differ,342
om,340
answer,340
job,340
apenas,340
celebrating,340
decided,339
requirements,339
34,339
jubilee,339
plans,338
rios,337
plano,337
advantage,337
offering,337
instituted,337
lo,336
reward,336
minute,336
estimates,335
invest,334
super,334
near,334
3136,334
extn,334
6110,334
distancing,334
banerjee,334
pyd,334
21jun22,334
agora,333
tigen,333
open,332
8383063372,332
manish,332
fee,331
tax,331
discount,331
anywhere,331
removal,331
method,330
33,330
friend,329
needs,329
hundred,329
pessoas,329
target,328
subscribers,328
erhalten,327
avoid,327
charge,327
medical,327
billion,326
secret,326
assist,325
proven,325
veis,324
valor,323
0000,322
son,322
projects,322
book,322
ia,322
ar,321
care,321
play,321
wait,321
words,321
signin,320
term,320
source,320
bradesco,319
login,319
mundo,319
selling,319
uncertainties,319
perfect,318
23,318
aos,318
factors,318
design,318
featured,318
todo,317
daily,317
existing,317
uk,317
mx,317
history,316
hour,316
exactly,316
known,316
reserved,315
extra,315
sources,315
diese,314
url,314
sexual,314
las,314
couid,314
einstein,314
canada,313
publisher,313
options,312
pre,311
prize,311
commercial,311
street,310
reason,310
problems,310
textdecoration,309
adult,309
bill,309
moscow,308
seen,308
wenn,308
nas,308
resources,308
table,308
heaven,308
expect,307
lowest,307
grant,307
selected,306
popular,306
outros,306
tudo,305
local,305
store,304
tica,304
true,304
problem,304
compte,304
black,303
150,303
final,301
valid,301
1000,301
air,301
debt,301
pi,300
technical,300
drugs,300
businesses,299
mailto,299
immediate,298
49,298
priority,298
takes,298
travel,298
computron,298
accounts,297
worth,297
apply,297
temple,297
against,296
monthly,296
agent,295
class,295
shop,295
profit,295
inform,294
house,294
projections,294
26,293
meet,293
caso,293
post,292
included,292
toute,292
vez,292
hand,291
claims,291
enough,291
production,290
telephone,288
automatically,288
treat,288
seja,288
create,288
anos,288
prime,287
green,287
yet,287
wi,287
parte,287
org,287
rewards,286
investor,286
monday,286
fontfamily,286
respect,286
prior,286
spamassassinsightings,285
key,284
noch,284
tried,284
biz,284
revenue,283
pagamento,283
domain,283
entire,282
tv,282
actual,282
wide,282
369,282
seek,281
almost,281
addition,281
reference,281
favor,280
ability,280
bitte,280
ab,280
quite,280
tre,280
meds,280
communication,279
miss,278
title,278
tools,278
africa,277
tel,277
operating,277
bonjour,276
independent,276
corporate,275
gift,275
involved,275
understand,275
cas,275
director,274
display,274
between,274
log,274
39,274
todas,273
28,273
ihren,273
merci,273
09,272
waiting,272
instant,272
kin,271
norton,271
engines,271
bem,270
growing,270
il,270
solutions,270
edition,270
pain,270
range,269
readers,269
menos,269
400,268
enjoy,267
arial,267
improvement,267
compliance,266
modo,266
powerful,266
turn,266
1933,266
wysak,265
won,264
winner,264
word,264
policy,264
single,264
agreement,264
con,264
countries,264
graphics,264
eles,263
considered,263
effort,263
lhe,263
involve,263
gratis,262
een,262
href,262
unlimited,262
global,261
came,261
six,261
contract,261
doit,261
ver,260
directly,260
bring,260
base,260
finally,259
half,259
billet,259
cheap,259
cs,259
lucky,258
barre,258
confiance,258
120,258
benefits,257
uniquement,257
concern,257
law,256
quickly,256
either,256
father,256
muni,256
parchment,256
valable,256
york,255
event,255
trouble,255
lineheight,255
intended,255
sold,255
oi,254
highly,254
oncf,254
informons,254
gare,254
imprim,254
billets,254
didentit,254
dutilisation,254
quote,254
discover,254
03,253
valuable,253
costs,253
penis,253
coming,252
recently,252
esta,252
thursday,252
facts,252
enenkio,252
left,251
macromedia,251
tue,250
einen,250
present,250
minha,250
secrets,250
region,249
individuals,249
55,249
print,249
dollar,249
tablets,249
whole,248
qualquer,248
als,248
poder,248
dinheiro,248
ooking,248
notification,247
nehmen,247
youll,247
ago,247
0200,247
contained,247
unable,247
function,247
porque,247
bad,247
generic,247
ads,247
listed,246
files,246
partners,246
77,245
europe,245
records,245
maior,245
means,244
hallo,244
happen,244
processing,244
depois,244
cap,243
photo,243
ebay,243
starting,242
fees,242
choice,242
pill,242
98,242
toner,242
oder,241
thought,241
websites,241
a4,241
shopping,241
children,241
run,240
savings,240
wanted,240
targeted,240
kingdom,240
receipt,239
profile,239
track,239
ec,239
draw,239
designed,238
outro,238
actually,238
gutschein,237
ur,237
specific,237
sender,237
documents,236
wife,236
mehr,236
example,236
oz,236
expire,235
average,235
align,235
ownership,235
65,235
gold,234
mg,234
fortune,234
revenues,234
heute,233
comes,233
img,233
communications,233
medications,233
photoshop,233
loans,232
music,232
horas,231
podem,231
generate,230
wiil,230
manage,229
z,229
entertainment,229
along,229
casino,229
creative,229
rias,229
publication,229
ip,228
features,228
select,228
leads,228
sempre,228
sponsored,228
consumer,228
medication,228
bills,228
antes,227
aware,227
makes,227
herein,227
dec,227
expected,227
dvd,227
jul,226
ny,226
cliente,226
tag,226
associated,226
rich,226
paper,226
increased,226
fat,225
sports,225
kostenlos,225
require,224
werden,224
04,224
800,224
promotion,224
identified,224
moment,224
finance,224
corel,224
tickets,223
replace,223
technologies,223
46,222
ensure,222
rd,222
signed,222
esp,222
north,222
visa,221
positive,221
talk,221
tx,221
distribution,221
fresh,221
saturday,221
studio,221
idea,220
protection,220
shortly,220
cart,219
nur,219
ap,219
volume,219
deve,219
individual,218
reading,218
couple,218
acquisition,218
0100,218
question,217
taking,217
ent,217
wont,217
calls,217
cil,216
exciting,216
teil,216
related,216
held,216
leading,216
fully,216
therefore,215
btc,215
sorry,215
pharmacy,215
rock,215
logged,214
notifications,214
taken,214
sun,214
promotional,214
items,214
hear,214
fw,214
57,213
zeit,213
num,213
clique,212
border,212
bottom,212
profitable,212
various,212
nice,212
sec,212
linux,212
225,211
amazing,211
living,211
06,211
pa,211
padding,211
nigeria,211
game,211
record,211
alert,210
according,210
participants,210
59,209
fixed,209
took,209
cliquez,209
begin,209
condi,209
qual,209
softwares,209
assumptions,209
cartridge,209
together,208
contain,208
sind,208
seven,208
div,208
asking,208
benefit,208
january,208
announced,208
serious,208
aging,208
added,207
bit,207
fl,207
ordered,207
friday,206
among,206
ich,206
1934,206
acesso,205
proposal,205
apple,205
god,205
broadcast,205
dois,205
cio,205
survey,205
thats,205
obligation,205
solicitation,205
front,205
tabs,205
active,204
sistema,204
completed,204
checks,204
presently,203
central,203
occur,203
ffa,203
anticipated,202
close,202
provider,202
postal,202
believes,202
islands,202
dito,201
wil,201
broker,201
death,201
ano,201
promotions,201
rolex,201
acquire,200
provides,200
white,200
ship,200
dagga,200
multilevel,200
efforts,199
wert,199
clear,199
banking,199
centre,199
letters,199
represent,199
69,199
category,199
nossa,199
numa,199
male,199
youve,198
actions,198
school,198
pas,198
rest,197
informa,197
head,197
forever,197
told,197
margin,197
contr,197
representative,197
supply,197
reas,196
melhor,196
homem,196
2001,196
pt,196
outras,196
advisor,196
airdrop,195
advertise,195
tower,195
methods,195
inherent,195
ragga,195
door,194
onde,194
block,194
side,194
het,193
reliable,193
activate,193
stand,193
solution,193
stated,193
pin,193
extension,193
format,193
electronic,193
freedom,193
detected,192
54,192
nor,192
officer,192
sunday,192
compare,192
round,192
multiple,192
cable,192
exemplo,192
voice,192
nosso,191
situation,191
ex,191
messages,191
delete,191
deals,191
standard,191
far,191
meio,191
wrapper,191
contracts,191
su,190
discussed,190
period,190
passed,190
wa,190
field,190
106,190
self,190
expenses,189
tokens,189
winners,189
bei,189
alle,189
whether,189
earning,189
paypal,189
opinion,189
affordable,189
march,189
110,189
seventh,189
botanical,189
posi,188
advised,188
pass,188
games,188
index,188
mil,187
deposited,187
utility,187
premium,187
identity,186
bra,186
confidence,186
achieve,186
steps,186
gain,186
profits,186
ten,186
locally,186
nova,186
aol,186
paying,185
providing,185
myself,185
coupon,185
qualify,185
poss,185
cant,185
desire,185
boost,184
mero,184
lost,184
test,184
drug,184
double,184
sound,184
85,184
pickup,184
assigned,184
dealer,184
otc,184
multi,184
activation,183
nossos,183
mentioned,183
ci,183
organization,183
asap,183
knowledge,183
smoking,183
oem,183
giving,182
custom,182
weekly,182
jobs,182
though,182
keine,181
venture,181
expired,181
master,181
purposes,181
virtual,181
campaign,181
percent,181
listing,181
award,180
quanto,180
building,180
42,180
helvetica,180
850,180
thinkpad,180
called,180
processo,179
goals,179
ra,179
enable,179
property,179
completely,179
nio,179
lower,179
titles,179
connection,178
outstanding,178
charset,178
paragraph,178
usb,178
mente,177
currency,176
trying,176
notre,176
umfrage,176
war,176
released,176
shown,176
acceptance,176
expects,176
stay,175
mastercard,175
abaixo,175
sp,175
dass,175
uw,175
gm,175
premiere,175
0cm,175
official,174
gl,174
versions,174
del,174
foram,174
tinha,174
fato,174
ail,174
batch,174
road,173
ave,173
instead,173
status,173
shipped,173
owners,172
nv,172
estava,172
met,172
commission,172
600,172
speed,172
faster,172
placed,172
ali,172
profiled,172
doctor,171
asked,171
changes,171
outra,171
acknowledges,171
hair,171
applications,171
er,170
location,170
improve,170
owner,170
european,170
ticket,170
zip,170
anil,170
406,170
conflict,170
decide,170
initial,169
euro,169
einfach,169
excellent,169
tenha,169
relation,169
leave,169
purpose,169
training,169
objectives,169
quais,169
movies,169
lanba,169
696,169
2450,169
livro,169
468,169
nico,168
ste,168
meu,168
alone,168
art,168
mrs,168
notes,168
california,168
maneira,168
rea,168
max,167
human,167
delivered,167
financing,167
rm,167
meses,167
wireless,167
ways,167
jan,167
mo,167
imagine,167
hist,167
saveyou,167
niraj,167
panchsheel,167
hynish,167
hanuman,167
mandir,167
201305,167
handover,167
guddi,167
naveen,167
gupta,167
jhanjee,167
vikas,167
saxena,167
sez,167
6118,167
usstaffing,167
thinkbook,167
lr0dw8r9,167
l480,167
pg01f21r,167
algo,167
durante,167
rela,167
materia,167
tool,166
esses,166
died,166
spend,166
pleased,166
higher,166
heard,166
girls,166
optin,166
indicating,166
filings,166
vezes,165
wasnt,165
wie,165
respond,165
avez,165
equipment,165
ponto,165
quest,165
dose,165
accuracy,165
103,164
behalf,164
statement,164
ceo,164
machen,164
dial,164
strategies,164
estate,164
allows,164
servers,164
attorney,164
mining,164
equity,164
refinance,164
discussions,163
videos,163
main,163
chat,163
manual,163
grow,163
club,163
consider,163
affiliate,163
primeiro,163
feet,163
corp,163
firefox,162
effect,162
44,162
intend,162
gewinnen,162
unsere,162
hlt,162
ag,162
discovered,162
forget,162
alguns,162
common,162
essas,162
materially,162
confidentiality,161
throughout,161
operations,161
education,161
pages,161
king,161
markets,161
decision,160
across,160
verpassen,160
subscribing,160
vegas,160
logos,160
paliourg,160
nica,159
red,159
beneficiary,159
trial,159
66,159
limit,159
alternative,159
effects,159
gains,159
warranty,159
predictions,159
cds,159
07,158
ideas,158
developed,158
balance,158
superior,158
story,158
space,158
beautiful,158
veuillez,158
understood,158
registering,158
regular,158
chten,158
po,158
laws,158
firm,158
symbol,158
calling,158
obtain,157
viel,157
einer,157
prospects,157
match,157
competition,157
demand,157
oct,157
mails,157
sido,157
board,156
staff,156
easier,156
speculative,156
capitalfm,156
park,155
deliver,155
72,155
fastest,155
ulfxyok,155
qualified,155
operation,155
ref,155
ed,155
unsolicited,155
isto,154
created,154
prefer,154
assume,154
momento,154
promocional,154
ooo,154
1618,154
dispon,153
dan,153
food,153
bb,153
thinking,153
compensation,153
nem,153
cents,153
largest,152
atrav,152
sansserif,152
series,152
disabled,152
incredible,152
relief,152
says,152
0pt,152
iii,152
lots,152
sep,151
court,151
prompt,151
52,151
pois,151
offered,151
payments,151
anytime,151
uns,151
middle,151
raise,151
pol,151
sheets,151
mlm,151
nd,150
satisfaction,150
quipe,150
bed,150
pessoa,150
december,150
variety,150
assurance,150
deciding,150
construed,150
collection,149
solid,149
warten,149
quarter,149
blank,149
comme,149
talking,149
college,149
hat,149
anticipates,149
pertaining,149
hoje,148
voor,148
mon,148
abmelden,148
island,148
handling,148
milhas,147
novo,147
overnight,147
wurden,147
basis,147
approval,147
rs,147
shows,147
copying,147
qualit,147
advanced,147
approximately,147
extremely,147
nada,147
abuse,147
muscle,147
tips,147
fa,146
li,146
37,146
bis,146
often,146
ausgew,146
materials,146
confirmer,146
43,146
alt,146
entered,146
wall,146
dat,145
cios,145
spent,145
went,145
goal,145
700,145
sweet,145
af,145
young,145
proprietary,145
tipo,144
west,144
ac,144
ck,144
carefully,144
confidentialit,144
doubt,144
document,144
blanc,144
rocket,144
tico,144
mother,144
promise,144
89,144
estado,144
significant,144
correios,144
coisas,144
floodgate,144
sichern,143
hey,143
cl,143
apologize,143
bon,143
assunto,143
girl,143
licensed,143
importante,143
understands,143
mi,143
willing,143
john,143
mailed,142
smartphone,142
consid,142
upgrade,142
64,142
zone,142
land,142
availability,142
seria,142
discovery,142
stationery,142
ontvangen,141
instantly,141
processed,141
exercise,141
saving,141
tous,141
convenience,141
hit,141
enquanto,141
550,141
xanax,141
david,140
sat,140
refer,140
substantial,140
packages,140
offshore,140
sleep,140
piease,140
atoll,140
rodrigofp,139
investments,139
books,139
beach,139
water,139
jusqu,139
lets,139
associates,139
published,139
duas,139
goes,139
bankruptcy,139
releases,139
pouco,139
resuits,139
thinkgeek,139
congress,139
livelo,138
parties,138
whose,138
fotos,138
receber,138
mix,138
competitive,138
attached,138
encore,138
specials,138
earnings,138
forms,138
hardware,138
toda,138
yo,137
professionals,137
produtos,137
updates,137
strengthening,137
simples,137
quem,137
96,137
necess,137
produce,137
cabe,137
buying,137
disse,137
agencies,137
wind,137
schnell,136
highest,136
zusenden,136
lines,136
trajet,136
forgot,136
gracias,136
melhores,136
moving,136
requires,136
extended,136
mb,136
lenders,136
1077,136
requested,135
src,135
beside,135
export,135
properties,135
outside,135
140,135
mesma,135
formula,135
wel,134
dieser,134
western,134
transactions,134
generated,134
reasons,134
pasting,134
afin,134
minimum,134
discounts,134
pakket,134
requests,134
joint,134
plain,134
penny,134
terra,134
talvez,134
moved,134
princ,134
military,134
early,133
enviado,133
returned,133
holding,133
mass,133
bottle,133
herba,133
mensagem,132
correspondence,132
inconvenience,132
politique,132
truly,132
hidden,132
confort,132
permet,132
sera,132
potp,132
sortie,132
markup,132
develop,132
pictures,132
ava,132
consultation,132
advises,132
dragon,132
capillaris,132
lauraan,132
dream,131
ben,131
rom,131
extreme,131
750,131
duty,131
serv,131
lint,131
dossier,131
lectronique,131
besoin,131
heart,131
porn,131
coisa,131
havia,131
skin,131
1995,131
teilnahme,130
unserer,130
night,130
gets,130
sentant,130
tarif,130
891,130
carte,130
titre,130
effectu,130
toutes,130
souhaitons,130
nature,130
125,130
magazine,130
historical,130
waste,130
foresee,130
negative,130
fontfont,130
strongly,129
diferentes,129
instructed,129
towards,129
valued,129
kept,129
contenu,129
bouton,129
inscription,129
nominatif,129
lors,129
devez,129
cours,129
commande,129
conserv,129
female,129
nunca,129
contents,129
homes,129
length,129
accepted,129
segundo,129
produ,129
satisfied,129
dsb5eait,129
math4,129
mb5o9spclei1ghh,129
intro,129
technoiogy,129
58,128
contato,128
understanding,128
suivant,128
bonne,128
papier,128
seront,128
possibilit,128
suivantes,128
fes,128
clamation,128
envoyer,128
conserver,128
88,128
vacation,128
leader,128
faz,128
algumas,128
quase,128
probably,128
teach,128
locate,128
banco,127
cell,127
smart,127
fim,127
cooperation,127
56,127
traditional,127
pounds,127
portfolio,127
updated,127
droits,127
actuellement,127
disponible,127
remboursable,127
remboursement,127
autogenerated,127
4you,127
4968,127
veuillezcontacter,127
au2255,127
portez,127
cidessus,127
partiellement,127
souill,127
endommag,127
illisibles,127
pli,127
cessible,127
obligatoirement,127
senter,127
officielle,127
validit,127
passeport,127
capitulatif,127
inscriptionfacile,127
achet,127
23176ii7g15519,127
choisissant,127
lune,127
ugd4ae,127
meknes,127
nonrespect,127
rales,127
vente,127
demande,127
08h32,127
jointe,127
conseillons,127
imprimer,127
rences,127
suscribirte,127
activ,127
oui,127
darriv,127
points,127
weekend,127
breaking,127
political,127
acts,127
pleasure,127
hearing,126
connect,126
lifetime,126
pe,126
issues,126
bitcoin,126
dias,126
0px,126
fontweight,126
6la,126
arphishing,126
otherwise,126
maybe,126
strictly,126
places,126
76,126
worked,126
xc3,126
muitas,126
ez,126
eram,126
introduce,125
bom,125
legitimate,125
appreciate,125
gives,125
radio,125
hands,125
ibm,125
doctors,125
stuff,125
intent,125
yap,125
clientes,124
wealth,124
trusted,124
tabela,124
former,124
competitors,124
ones,124
responses,124
nation,124
especially,124
october,124
supplies,124
toll,124
purchased,124
160,124
lado,124
pelos,124
rie,124
timing,124
ee,124
nu,123
ill,123
marginleft,123
ol,123
reduce,123
pagar,123
inside,123
bonuses,123
subscriber,123
london,123
acrobat,123
thus,123
break,123
lia,123
cut,123
temos,123
vi,123
situa,123
marshall,123
resgatar,122
saldo,122
wed,122
expert,122
republic,122
conference,122
previous,122
washington,122
unclaimed,122
strategy,122
helps,122
problema,122
47,122
child,122
interstate,122
signature,122
usage,122
geral,122
ph,122
rx,122
projecthoneypot,122
resgate,121
executive,121
google,121
oportunidade,121
august,121
knew,121
doesnt,121
bought,121
difference,121
robert,121
aggressive,121
iso,121
oniy,121
geek,121
epson,121
wrong,120
partnership,120
ketoxplode,120
proper,120
38,120
nach,120
wird,120
dir,120
experts,120
ok,120
themselves,120
networks,120
cashback,120
trademarks,120
excess,120
hence,120
pria,120
desse,120
natureza,120
expensive,120
examples,120
announces,120
newsietter,120
mailer,120
serial,120
eogi,120
fri,119
enterprise,119
acesse,119
guten,119
deze,119
focus,119
economic,119
activities,119
pop,119
previously,119
mark,119
images,119
background,119
discreet,119
guidelines,119
poca,119
primeira,119
computers,119
realizar,118
lugar,118
saber,118
organizations,118
woman,118
ld,118
ion,118
jahr,118
nat,118
ger,118
devido,118
contacts,118
luck,118
dieting,118
elas,118
verdade,118
sample,118
netscape,118
hold,117
disclaimer,117
university,117
charges,117
selection,117
affiliated,117
marginright,117
intel,117
florida,117
smtp,117
vol,117
blood,117
grandes,117
muitos,117
oniine,117
internationa,117
troque,116
movimento,116
discuss,116
career,116
owned,116
obtained,116
running,116
twenty,116
78681,116
especial,116
arm,116
economia,116
105,116
resulting,116
79,116
valium,116
e8,116
ik,115
schreiben,115
valley,115
referral,115
ii,115
doesn,115
empresa,115
sector,115
101,115
piece,115
massive,115
desde,115
nearly,115
tanto,115
otcbb,115
reform,115
printer,115
utf,115
crypto,114
disso,114
ob,114
sendo,114
87,114
51,114
aus,114
comprehensive,114
clean,114
ive,114
subscribe,114
stores,114
estar,114
62,114
123,114
opinions,114
llc,114
mission,114
84,114
boy,114
sucesso,114
linha,114
spending,114
emai,114
wyoming,114
klik,113
promo,113
nessa,113
eligible,113
zur,113
participation,113
touch,113
dentro,113
behind,113
finding,113
boss,113
pocket,113
accounting,113
emerging,113
reserves,113
dizer,113
prio,113
pio,113
factual,113
cancer,112
treatment,112
gb,112
possa,112
quer,112
spain,112
servi,112
61,112
annual,112
devices,112
dreams,112
michael,112
happening,112
tulo,112
agents,112
estados,112
certa,112
parece,112
operate,112
flash,112
htm,112
succeed,112
laserjet,112
fatura,111
successfully,111
rodrigo,111
ea,111
golden,111
tal,111
fit,111
figure,111
115,111
experi,111
verdana,111
distribute,111
visitors,111
exist,111
chief,111
unknown,111
poderia,111
levering,111
squirrelmail,111
92,110
sensitive,110
seeking,110
netherlands,110
verlieren,110
inches,110
utilizar,110
efetuar,110
damit,110
recommendation,110
bgcolor,110
suspended,110
nds,110
gone,110
149,110
334,110
contra,110
aa,110
teoria,110
envelope,110
wor,110
hermios,110
issued,109
significa,109
samsung,109
feedback,109
delay,109
exact,109
acima,109
september,109
larger,109
medicine,109
emailing,109
itself,109
wholesale,109
exp,109
a0,109
produced,109
failed,109
crian,109
gra,109
dramatically,109
1998,109
shouid,109
sica,108
aten,108
hotel,108
medium,108
premier,108
primary,108
unit,108
presented,108
shareholder,108
legally,107
gutscheine,107
ge,107
machine,107
watching,107
worlds,107
portanto,107
watches,107
followed,107
providers,107
herbal,107
count,106
nov,106
agreed,106
item,106
drop,106
investigation,106
enhanced,106
unless,106
signing,106
lives,106
una,106
650px,106
laser,106
degree,106
employment,106
constitutes,106
meer,105
token,105
ultimate,105
transferred,105
verlosung,105
rede,105
although,105
invite,105
textalign,105
underline,105
began,105
ebook,105
mailbox,105
relatives,105
saying,105
stories,105
sob,105
totally,105
podemos,105
pricing,105
familiar,105
remote,105
chinese,105
permanent,105
economy,105
returns,105
cdrom,105
cbyi,105
demokritos,105
judgments,105
euros,104
biggest,104
refund,104
handle,104
impact,104
comments,104
ie,104
bot,104
innovative,104
mac,104
san,104
diligence,104
claiming,104
culos,104
gaming,104
78,104
expiration,104
indiv,104
relationship,104
light,104
maximum,104
971,104
boa,104
ministry,104
imp,104
homens,104
developing,104
therein,104
f6,104
kno,104
newsletters,103
prazo,103
ihrem,103
recommended,103
cia,103
hesitate,103
contacted,103
picture,103
majority,103
81,103
seconds,103
xxx,103
favorite,103
qu,103
tired,103
soma,103
beliefs,103
roll,102
article,102
visited,102
november,102
levels,102
audio,102
000000,102
optout,102
reg,102
algu,102
visual,102
energia,102
texas,102
301,102
litigation,102
broadband,102
8859,102
thu,101
located,101
wants,101
excited,101
a9,101
clearance,101
afford,101
generation,101
searching,101
association,101
min,101
direitos,101
uses,101
casa,101
claro,101
television,101
andmanyother,101
a2,101
pedido,100
juros,100
helped,100
worry,100
australia,100
nachricht,100
padr,100
siehe,100
honest,100
170,100
illegal,100
flow,100
stress,100
embora,100
positioned,100
iit,100
hottest,100
potentia,100
wysk,100
financially,100
surprise,99
summer,99
reviews,99
banks,99
pending,99
dados,99
foreigner,99
bold,99
cover,99
shared,99
determine,99
officials,99
edge,99
correct,99
gewinner,99
memory,99
eyes,99
study,99
players,99
panel,99
unter,99
tech,99
journal,99
anti,99
oh,99
vista,99
brother,99
inexpensive,99
wn,99
maintain,98
dies,98
16px,98
expires,98
sounds,98
announce,98
losing,98
antivirus,98
reader,98
au,98
a3,98
contest,98
alter,98
verge,98
revolutionary,98
fica,98
ado,98
cie,98
poor,98
permission,98
explode,98
gathered,98
inciude,98
disponiveis,97
detailed,97
meeting,97
trip,97
convenient,97
ber,97
host,97
purchasing,97
internal,97
traffic,97
movie,97
thirty,97
star,97
tremendous,97
manufacturing,97
ram,97
229,97
engine,97
canon,97
disk,97
pubiisher,97
mnei,97
niet,96
setup,96
india,96
helping,96
res,96
zum,96
havent,96
raz,96
rather,96
forth,96
pharmaceutical,96
mean,96
truth,96
grupo,96
249,96
interests,96
paul,96
specially,96
enus,96
professionai,96
foundation,95
industries,95
equipe,95
experienced,95
saw,95
resource,95
petroleum,95
pink,95
segunda,95
naar,95
proved,95
swagbucks,95
sbs,95
longo,95
alguma,95
joined,95
blockquote,95
announcement,95
awesome,95
vis,95
mudan,95
povo,95
luz,95
espa,95
stealth,95
expand,95
poised,95
brec,95
atendimento,94
di,94
sharing,94
useful,94
ng,94
reached,94
68,94
lang,94
appropriate,94
taxes,94
model,94
manufacturer,94
rules,94
failure,94
channels,94
dem,94
vai,94
quero,94
va,94
established,94
publishing,94
unsubscribed,94
pensar,94
incredibly,94
1072,94
1400,94
240,94
omit,94
techniques,94
searcher,94
aan,93
616,93
prezado,93
ses,93
brasil,93
partir,93
identify,93
heres,93
20px,93
ahead,93
import,93
verified,93
ba,93
feature,93
theres,93
billing,93
realize,93
instruction,93
dessa,93
east,93
drops,93
levitra,93
reservados,93
fine,93
colleagues,93
neither,93
somente,93
impossible,93
intelig,93
cum,93
hp,93
databases,93
itec,93
cottage,92
comfort,92
fire,92
glichen,92
geht,92
responded,92
invitation,92
speak,92
viruses,92
everyday,92
respective,92
february,92
americans,92
tim,92
ffffff,92
continued,92
carry,92
1999,92
63,92
grand,92
irish,92
cruise,92
rank,92
greatest,92
ilug,92
bf,92
keeping,91
responsible,91
medida,91
erreichen,91
storage,91
ren,91
programa,91
mercado,91
valign,91
feito,91
iphone,91
greater,91
playing,91
blvd,91
299,91
science,91
prepare,91
ici,91
particular,91
indicative,91
didn,91
wake,91
force,91
sentido,91
improved,91
younger,91
mega,91
dead,91
estimated,91
cies,91
tested,91
satellite,91
combination,91
29092,90
10989,90
sim,90
mal,90
buyers,90
physical,90
answers,90
referenced,90
wonderful,90
creating,90
classified,90
milh,90
fam,90
taxas,90
interface,90
aid,90
judgment,90
drawn,90
packard,90
gentle,90
hurry,89
precisa,89
ourselves,89
culo,89
veja,89
whatever,89
ma,89
nobody,89
explain,89
intelligence,89
ft,89
genuine,89
gen,89
budget,89
deleted,89
invested,89
assured,89
proof,89
guys,89
numerous,89
deceased,89
civil,89
brands,89
eye,89
fora,89
hewlett,89
technoiogies,89
jody,89
explore,88
sistemas,88
cidad,88
earth,88
entry,88
dit,88
option,88
isp,88
fall,88
sas,88
349,88
suggestions,88
fuel,88
vl,88
alias,88
pinnacle,88
vinoble,88
fraud,87
farm,87
breach,87
didnt,87
cota,87
merchant,87
wing,87
absolute,87
earlier,87
gt,87
teria,87
agree,87
freundlichen,87
exclusivas,87
subscribed,87
author,87
skills,87
senior,87
heavy,87
brought,87
blue,87
distance,87
hin,87
onto,87
illuvium,87
mid,87
interactive,87
universo,87
forte,87
chicago,87
dif,87
kids,87
promote,87
maintainer,87
listmaster,87
ects,87
journey,86
branch,86
madam,86
expanding,86
looks,86
mai,86
camera,86
510,86
geen,86
bet,86
dar,86
protocol,86
filled,86
meant,86
lt,86
forum,86
categories,86
neg,86
types,86
furthermore,86
beat,86
maioria,86
torna,86
deus,86
domains,86
nationwide,86
areas,86
a1,86
resell,86
pians,86
zimbabwe,86
deste,85
curso,85
futuro,85
planning,85
12px,85
meus,85
increases,85
recipient,85
reliance,85
utmost,85
claimed,85
bigger,85
basic,85
mica,85
formas,85
fosse,85
diferen,85
pais,85
appearance,85
a5,85
manufacturers,85
completeness,85
enterprises,85
wit,85
ciick,85
aproveite,84
perfectly,84
reserve,84
offices,84
vision,84
crash,84
sometimes,84
environmental,84
jahre,84
auch,84
england,84
analysis,84
strategic,84
diet,84
1997,84
decis,84
diante,84
algum,84
dom,84
corpo,84
path,84
virtually,84
advertisements,84
1110,84
erections,84
mime,84
jm,84
f4,84
xual,84
oportunidades,83
essential,83
beste,83
certified,83
fressnapf,83
fantastic,83
prepared,83
reduction,83
205,83
posteingang,83
portion,83
anybody,83
conhecimento,83
reported,83
rebro,83
tanta,83
gua,83
82,83
bulletin,83
deathtospamdeathtospamdeathtospam,83
impotence,83
ferocity,83
teen,83
spur,83
built,82
staking,82
asia,82
contacting,82
century,82
tracking,82
neue,82
attempt,82
maiores,82
fair,82
tu,82
seeing,82
player,82
tuesday,82
georgia,82
thorough,82
externalclass,82
coverage,82
dysfunction,82
quatro,82
5000,82
artificial,82
usually,82
67,82
stream,82
b8,82
neck,82
iro,82
hou,82
gave,82
patented,82
tras,82
expe,82
placing,82
kathmandu,82
spe,82
eneenkio,82
geec,82
notifica,81
cancel,81
eight,81
companys,81
1st,81
ae,81
10px,81
overseas,81
earned,81
expressed,81
seguran,81
detalhes,81
license,81
consumers,81
nome,81
resposta,81
169,81
unidos,81
environment,81
seem,81
insider,81
ire,81
novas,81
resultados,81
prov,81
hexagrama,81
certo,81
advertiser,81
rien,81
bc,81
lon,81
010,81
saf,81
chain,81
einl,80
solve,80
calendar,80
ch,80
noticed,80
studies,80
secured,80
onze,80
whom,80
domestic,80
nachrichten,80
reporting,80
april,80
parts,80
managing,80
tip,80
amounts,80
glad,80
indicate,80
quotes,80
gem,80
mar,80
modelo,80
esfor,80
pensamento,80
homeowner,80
ppin,80
acy,80
vnbl,80
changed,79
measure,79
gewinnspiel,79
enhance,79
nossas,79
rental,79
germany,79
97,79
increasing,79
positions,79
professor,79
printing,79
gelegenheit,79
recovery,79
cnn,79
revealed,79
rico,79
tarde,79
rica,79
residents,79
minimal,79
radar,79
acquired,79
producing,79
beiieves,79
vicodin,79
acquisitions,79
drew,79
stylus,79
basin,79
ook,78
matters,78
funding,78
abzumelden,78
williams,78
amazon,78
confident,78
minwidth,78
launch,78
86,78
atualiza,78
till,78
180,78
floor,78
dynamic,78
agency,78
0800,78
sans,78
compensated,78
deep,78
nicos,78
browse,78
accessories,78
happened,78
sony,78
goods,78
ballot,78
plant,78
holidays,78
pacific,78
netflix,78
resultado,78
native,78
spray,78
subsidiary,78
compaq,78
misleading,78
prescriptions,78
samples,78
toshiba,78
fraction,78
a8,78
shi,78
holdings,77
fr,77
chosen,77
teilnehmen,77
charity,77
fight,77
chances,77
uso,77
gewinn,77
urge,77
template,77
prevent,77
marketplace,77
sh,77
attn,77
written,77
francisco,77
critical,77
sense,77
suggest,77
african,77
putting,77
relax,77
causa,77
conclusion,77
difficult,77
annually,77
pics,77
counting,77
nenhum,77
caminho,77
ticos,77
priced,77
quit,77
phentermine,77
equivalence,77
aiso,77
piaced,77
ripple,76
interesting,76
dedicated,76
tragen,76
worauf,76
apologies,76
relevant,76
desk,76
spin,76
spins,76
commitment,76
progress,76
med,76
cidade,76
paulo,76
erectile,76
stanley,76
automatic,76
tape,76
leva,76
atividade,76
caras,76
dele,76
eat,76
hardcore,76
71,76
personally,76
circulation,76
inciuding,76
systemworks,76
undervalued,76
aphrodisia,76
deveiopment,76
cartridges,76
kernel,76
arrangement,75
320,75
anymore,75
einem,75
fedex,75
learning,75
beginning,75
brief,75
recommend,75
turned,75
remain,75
marginbottom,75
bucks,75
except,75
debts,75
recipients,75
ratio,75
changing,75
maker,75
description,75
compete,75
withdrawal,75
demais,75
accurate,75
adding,75
pretty,75
realmente,75
combined,75
construction,75
jederzeit,75
zero,75
ente,75
formats,75
feb,75
testimonials,75
casos,75
continuing,75
seres,75
medo,75
thr,75
guerra,75
desenvolvimento,75
f5,75
1109,75
entirely,75
emerson,75
jigget,75
somehow,75
negotiations,75
ural,75
hotlist,75
todays,74
favorable,74
connected,74
preferences,74
ohne,74
informed,74
hospital,74
adresse,74
ws,74
topic,74
53,74
wire,74
utilizando,74
virus,74
persons,74
900,74
principal,74
union,74
tour,74
yellow,74
estou,74
photos,74
pack,74
gambling,74
modem,74
alem,74
commerce,74
microcap,74
directories,74
millionaire,74
enclosed,74
mailwisconsin,74
exploration,74
nomad,74
entering,73
custo,73
famous,73
geh,73
presentation,73
demo,73
junk,73
lay,73
industrial,73
nations,73
tbody,73
neste,73
ir,73
telling,73
audience,73
kit,73
phones,73
payable,73
breath,73
existe,73
ticas,73
falta,73
unwanted,73
rob,73
209,73
officers,73
gotten,73
projected,73
consolidation,73
realtime,73
bottles,73
appetite,73
invoive,73
encoding,73
proposed,73
downline,73
gif,73
moopid,73
3rd,72
engineering,72
komplett,72
mc,72
margintop,72
delays,72
cyber,72
bisher,72
mine,72
naturally,72
repair,72
society,72
falar,72
relacionamento,72
paris,72
ongoing,72
constitute,72
cubic,72
mim,72
establish,72
duo,72
diz,72
feeling,72
citizens,72
draws,72
miliion,72
replicas,72
nationa,72
attract,72
follows,72
rfid,72
regi,71
ximo,71
nacional,71
gratulieren,71
ps,71
einkaufsgutschein,71
schedule,71
unnecessary,71
jackpot,71
boas,71
healthy,71
hrs,71
transmission,71
install,71
bringing,71
preciso,71
acordo,71
kong,71
fundo,71
presence,71
specifically,71
parents,71
burn,71
bastante,71
cases,71
hosting,71
bahngutschein,71
models,71
abbestellen,71
adults,71
compared,71
incurred,71
luta,71
deles,71
dell,71
9r4zet0ayq,71
submitting,71
rr,71
postage,71
prosaka,71
ine,71
eff,71
majordomo,71
miilion,71
farmers,71
auction,71
anexo,70
stronger,70
abroad,70
ro,70
ignore,70
teilnehmer,70
surveys,70
informaci,70
stage,70
listen,70
wifi,70
honor,70
push,70
canadian,70
consequently,70
lane,70
recevoir,70
mm,70
tornar,70
room,70
banned,70
guarantees,70
desses,70
attack,70
83,70
gica,70
linhas,70
certainly,70
focused,70
imited,70
tests,70
corei,70
specuiative,70
homeland,70
ume,70
effectively,70
acumulados,69
rito,69
automated,69
warning,69
wallets,69
sweepstakes,69
palavras,69
lei,69
mutual,69
nc,69
footer,69
sou,69
straight,69
coast,69
diamond,69
definitely,69
paket,69
remitted,69
prizes,69
wilt,69
label,69
bundle,69
likely,69
tablet,69
estamos,69
proposta,69
illuvials,69
amos,69
alto,69
119,69
nesse,69
burning,69
realidade,69
extraordinary,69
regardless,69
filter,69
saave,69
finden,68
royal,68
sr,68
executed,68
permanently,68
cold,68
basta,68
traded,68
janeiro,68
manner,68
alta,68
decisions,68
hover,68
happens,68
planet,68
faith,68
hei,68
xxdzebzejze,68
recieve,68
factor,68
personalized,68
checked,68
cutting,68
pelas,68
encontrar,68
diploma,68
enhancement,68
omicron,68
expense,68
135,68
micro,68
ars,68
extensive,68
vjestika,68
girlfriend,68
symantec,68
f2,68
staggering,68
erfolg,67
deine,67
ajuda,67
ha,67
wurde,67
cnpj,67
sierra,67
copies,67
ecosystem,67
alcohol,67
opted,67
semana,67
directions,67
attempts,67
wij,67
angeles,67
nbs,67
authority,67
89103,67
aside,67
74,67
importance,67
seguinte,67
nicas,67
estavam,67
advance,67
seguir,67
moore,67
lan,67
efeito,67
described,67
frank,67
problemas,67
miles,67
tongue,67
enquiries,67
corporations,67
protocolo,66
eletr,66
withdraw,66
visiting,66
tipos,66
remaining,66
cat,66
sole,66
fda,66
easiest,66
town,66
sit,66
preparation,66
safely,66
dans,66
hong,66
literally,66
peace,66
6130,66
flamingo,66
harbor,66
a7,66
designated,66
holiday,66
associate,66
entanto,66
apesar,66
vamos,66
smith,66
dental,66
brown,66
alstublieft,66
130,66
population,66
swiss,66
physicians,66
aerofoam,66
viaspace,66
jepson,66
aug,65
opened,65
bless,65
treated,65
dieses,65
ut,65
ri,65
14px,65
1px,65
gerente,65
afraid,65
compatible,65
regulations,65
efficient,65
forces,65
became,65
knows,65
prove,65
gro,65
disease,65
installed,65
appears,65
language,65
nenhuma,65
window,65
rapid,65
mint,65
popula,65
asma,65
respeito,65
nove,65
econ,65
signs,65
palavra,65
breathing,65
prozac,65
tollfree,65
extender,65
jabber,65
tiscali,65
resellers,65
artwork,65
generating,65
customerservice,65
legislation,65
toners,65
commentary,65
explica,64
sport,64
greetings,64
planos,64
unser,64
pl,64
determined,64
ventures,64
powered,64
figured,64
treasury,64
empresas,64
pessoal,64
accurately,64
responsibility,64
austin,64
melden,64
129,64
lasts,64
gained,64
awarded,64
introducing,64
missing,64
2fa,64
stopped,64
210,64
christian,64
exclusiva,64
gateway,64
youth,64
mall,64
cargo,64
prop,64
religi,64
seis,64
cinco,64
nios,64
johnson,64
motion,64
edit,64
catch,64
anxiety,64
exceed,64
cautioned,64
attained,64
committee,64
f0,64
qmail,64
petroieum,64
upwards,64
knle,64
durch,63
confirmed,63
solicit,63
woche,63
obter,63
closed,63
estes,63
merciayanmact,63
mouth,63
france,63
350,63
hora,63
centers,63
stored,63
organiza,63
odo,63
christmas,63
ignored,63
io,63
deserve,63
cisco,63
cient,63
tranq,63
produto,63
capaz,63
humanos,63
technique,63
159,63
healthcare,63
gov,63
regalis,63
bait,63
localized,63
substance,63
currentiy,63
pubiication,63
practically,63
errors,63
marshallese,63
ideia,62
sponsor,62
await,62
role,62
seiten,62
recht,62
herzlich,62
auserw,62
3000,62
whats,62
caused,62
vor,62
intention,62
entitled,62
multiply,62
spa,62
correo,62
overall,62
pool,62
river,62
detail,62
asset,62
michelle,62
189,62
hilton,62
alberta,62
phrase,62
ihrer,62
oral,62
fez,62
lares,62
bull,62
mental,62
telecommunications,62
hotmail,62
1800,62
vale,62
trader,62
charles,62
layke,62
dessas,62
attractive,62
millennium,62
ambien,62
jebel,62
maiiings,62
surprised,62
illustrator,62
accessible,61
backgroundcolor,61
interesse,61
inclui,61
disclose,61
2nd,61
commissions,61
depending,61
wagering,61
port,61
stars,61
protected,61
thomas,61
alumni,61
pull,61
helfen,61
learned,61
james,61
amsterdam,61
pressure,61
input,61
fifty,61
199,61
ss,61
beta,61
entrega,61
installation,61
capabilities,61
campo,61
backup,61
wild,61
pequeno,61
prova,61
conjunto,61
capacidade,61
meios,61
humana,61
evolu,61
boyfriend,61
nbc,61
tournament,61
512,61
8572,61
var,61
161,61
bias,61
owe,61
amateur,61
involving,61
msn,61
kabila,61
diversified,61
recognized,61
vocalscape,61
gps,61
compra,60
wonder,60
checking,60
teilzunehmen,60
ximos,60
dispositivo,60
concerning,60
dich,60
nachfolgenden,60
greatly,60
rep,60
sky,60
testing,60
defense,60
named,60
lagos,60
citizen,60
sort,60
disc,60
potencial,60
cont,60
prohibited,60
mitmachen,60
makers,60
ihn,60
pdf,60
jpg,60
screens,60
tea,60
chairman,60
dating,60
rabatt,60
computador,60
articles,60
ideal,60
complimentary,60
driving,60
valores,60
educa,60
student,60
lise,60
128,60
vip,60
nettogutschein,60
nero,60
ningu,60
hauptstadt,60
worst,60
encomenda,60
gico,60
fico,60
pai,60
passe,60
compreender,60
alcan,60
interior,60
arte,60
dio,60
natura,60
profiles,60
erection,60
cholesterol,60
pk,60
potent,60
complaints,60
f7,60
ground,60
expiram,59
pido,59
descontos,59
xrp,59
cryptocurrency,59
criar,59
inbox,59
spot,59
ct,59
ease,59
capacity,59
teste,59
expertise,59
crm,59
falls,59
leider,59
significantly,59
sitting,59
groups,59
assessment,59
column,59
clearly,59
beyond,59
morte,59
task,59
contractor,59
electricity,59
funktioniert,59
adesco,59
deposits,59
dist,59
fifteen,59
exposure,59
md,59
newest,59
marco,59
cria,59
mention,59
born,59
agreements,59
1994,59
carolina,59
volgen,59
northern,59
french,59
additiona,59
judge,59
wili,59
tadalafil,59
shops,59
optional,59
ink,59
therapy,59
techlite,59
rating,59
classe,58
aprender,58
av,58
twelve,58
platinum,58
accepting,58
indeed,58
reduza,58
termos,58
passo,58
martin,58
s21,58
credited,58
stellar,58
jones,58
submitted,58
featuring,58
wager,58
lake,58
wishes,58
closing,58
wealthy,58
175,58
responsive,58
conversion,58
wear,58
dann,58
stake,58
val,58
clamer,58
homeowners,58
tend,58
temu,58
finest,58
spring,58
accountant,58
automation,58
filhos,58
lido,58
enfre,58
ntar,58
aqueles,58
tinham,58
gera,58
unfortunately,58
continues,58
vehicle,58
sus,58
hormone,58
advisory,58
false,58
sleeping,58
126,58
patent,58
concept,58
compieted,58
avenue,57
tais,57
coloca,57
correctly,57
datein,57
devem,57
leis,57
resume,57
directed,57
daughter,57
preferred,57
mistake,57
wheel,57
external,57
andere,57
virginia,57
450,57
apr,57
showcase,57
hop,57
gente,57
integrated,57
russian,57
artists,57
governo,57
scientific,57
desktop,57
lista,57
rated,57
infrastructure,57
applied,57
locations,57
shocked,57
eliminated,57
loading,57
deixar,57
motivo,57
rule,57
allowed,57
baby,57
rugin,57
animais,57
sico,57
consci,57
george,57
opini,57
steve,57
crazy,57
containing,57
0in,57
cool,57
fear,57
utilities,57
undue,57
revamping,57
dreamweaver,57
dealers,57
robotics,57
webmaster,57
responda,56
estrat,56
momentum,56
ensuring,56
faithfully,56
decathlon,56
donation,56
solely,56
dobro,56
commence,56
packaging,56
ing,56
approach,56
eb,56
segmento,56
exclusivamente,56
explosive,56
betting,56
lock,56
reduced,56
showing,56
surgery,56
publish,56
sea,56
convertidos,56
dark,56
reality,56
220,56
submission,56
tenho,56
aplica,56
volta,56
dez,56
2006,56
comum,56
diferente,56
consultant,56
complications,56
floppy,56
exampies,56
sf,56
crystal,56
001,56
equal,56
bu,56
actua,56
wouldnt,56
abacha,56
painter,56
maya,56
ext,56
soiutions,56
fiiings,56
avan,55
vontade,55
ingredient,55
directors,55
icloud,55
versand,55
affiliates,55
outlook,55
angebot,55
hr,55
percentage,55
winnings,55
cloud,55
uit,55
seems,55
purchases,55
entities,55
football,55
fellow,55
sincere,55
frauen,55
ks,55
grab,55
vary,55
married,55
4000,55
rience,55
inch,55
abonnement,55
universal,55
firms,55
minister,55
controle,55
busca,55
colspan,55
quina,55
root,55
plastic,55
frente,55
duran,55
funcion,55
prefe,55
ncipe,55
louis,55
vast,55
reflect,55
lease,55
depression,55
pet,55
lighting,55
album,55
xanaax,55
ejaculation,55
possui,54
proceed,54
conducted,54
concerns,54
objective,54
certeza,54
boxes,54
leaving,54
bo,54
solo,54
remains,54
killed,54
vrouwen,54
montgomery,54
targeting,54
appointment,54
somos,54
students,54
desta,54
ias,54
busy,54
discounted,54
twice,54
sondage,54
proud,54
simplesmente,54
ditos,54
plants,54
lhes,54
residential,54
obtaining,54
miami,54
novos,54
europa,54
matem,54
emo,54
mary,54
xmsonormal,54
obviously,54
advertisers,54
shlpplng,54
barry,54
zyban,54
keeps,54
load,54
toois,54
electrical,54
descrambler,54
a6,54
classifieds,54
doris,54
ypil,54
maxaman,54
visualizar,53
ja,53
promised,53
prospective,53
carregado,53
ckwunsch,53
berlin,53
kyc,53
insert,53
hlten,53
sofort,53
jump,53
cellpadding,53
94,53
youd,53
remittance,53
careful,53
division,53
shot,53
315,53
cent,53
sperm,53
accordance,53
scan,53
belohnung,53
friendly,53
sizes,53
float,53
sticos,53
belize,53
assure,53
solu,53
offre,53
catalog,53
wanting,53
ambiente,53
cobertura,53
amil,53
emailed,53
ice,53
ess,53
caracter,53
8020,53
escreveu,53
contudo,53
dow,53
criminal,53
democratic,53
movement,53
2e,53
720,53
enlargement,53
dvds,53
walk,53
lump,53
subsequently,53
laugh,53
lawful,53
profiie,53
e7,53
sofftwaares,53
wells,53
streams,53
sections,53
hgh,53
5599,53
steth,52
concluir,52
ken,52
opcional,52
collaboration,52
regard,52
completamente,52
proposition,52
genie,52
tons,52
jurisdiction,52
institutions,52
spots,52
urgently,52
fail,52
allen,52
comunicado,52
smooth,52
random,52
moneymaking,52
beauty,52
duos,52
province,52
ina,52
british,52
sito,52
recognition,52
miracle,52
139,52
edeka,52
banner,52
cette,52
saved,52
sabe,52
irs,52
liquid,52
circumstances,52
asian,52
older,52
mitglieder,52
eliminate,52
library,52
english,52
looked,52
nl,52
tivesse,52
trabalhadores,52
cravings,52
cor,52
smoke,52
replica,52
breakthrough,52
prescribed,52
aspects,52
fields,52
skeptical,52
4176,52
acquiring,52
shareholders,52
toys,52
hawaii,52
honesty,52
vspc,52
rg,51
arrived,51
dire,51
weve,51
perform,51
administrative,51
advise,51
stoppen,51
lie,51
finds,51
meta,51
h2,51
promoting,51
loved,51
everybody,51
abidjan,51
inquiries,51
overview,51
signup,51
primarily,51
107,51
distributor,51
channel,51
fantasy,51
comply,51
removes,51
tausenden,51
indicated,51
amigo,51
southern,51
weil,51
dept,51
formal,51
hinweis,51
verschieben,51
spanish,51
pondez,51
rise,51
starts,51
introduced,51
grown,51
collected,51
partes,51
sorte,51
conseguir,51
centro,51
coach,51
pequena,51
filho,51
einst,51
fortes,51
sal,51
tra,51
jamais,51
constru,51
tri,51
happiness,51
plane,51
vote,51
mouse,51
battery,51
transmissions,51
pipe,51
artist,51
extract,51
owns,51
reiease,51
trillion,51
mailman,51
dj,51
montana,51
majesty,51
judicial,50
autom,50
informationen,50
mesmos,50
senha,50
regret,50
consultar,50
vital,50
session,50
discussion,50
rose,50
whatsapp,50
edekagutschein,50
parceria,50
expansion,50
decentralized,50
cycle,50
popularity,50
normally,50
trace,50
evening,50
lee,50
sch,50
portable,50
untitled,50
becoming,50
capable,50
ant,50
distributed,50
enjoying,50
unwarranted,50
hl,50
sel,50
espec,50
aarp,50
manh,50
retirement,50
1200,50
ordem,50
plc,50
elements,50
santa,50
moments,50
theft,50
concluded,50
standards,50
jun,50
impress,50
animal,50
trigrama,50
celebrity,50
sele,50
emocional,50
passado,50
bio,50
joseph,50
mitchell,50
remedy,50
educational,50
trackingcode,50
slow,50
fitness,50
lawyer,50
patient,50
sees,50
consolidate,50
peopie,50
319,50
believed,50
excite,50
lst,50
iomega,50
viewsonic,50
8834464,50
8834454,50
excluded,50
e3,50
barrels,50
facilities,50
dare,50
hobby,50
